{    "swagger": "2.0",
     "info": {
	 "version": "",
	 "title": "Catalogue resources",
	 "description": "",
	 "license": {
	     "name": "MIT",
	     "url": "http://github.com/gruntjs/grunt/blob/master/LICENSE-MIT"
	 }
     },
     "host": "catalogue",
     "basePath": "/",
     "securityDefinitions": {},
     "schemes": [
	 "http"
     ],
     "consumes": [
	 "application/json;charset=UTF-8"
     ],
     "produces": [
	 "application/json;charset=UTF-8"
     ],
     "paths": {
	 "/catalogue": {
	     "get": {
		 "description": "Catalogue API",
		 "operationId": "List catalogue",
		 "produces": [
		     "application/json;charset=UTF-8"
		 ],
		 "parameters": [],
		 "responses": {
		     "200": {
			 "description": "",
			 "schema": {
			     "type": "array",
			     "items": {
				 "$ref": "#/definitions/Listresponse"
			     }
			 }
		     }
		 }
	     }
	 },
	 "/catalogue/{id}": {
	     "get": {
		 "description": "",
		 "operationId": "Get an item",
		 "produces": [
		     "application/json; charset=UTF-8"
		 ],
		 "parameters": [
		     {
			 "name": "id",
			 "in": "path",
			 "required": true,
			 "type": "string",
			 "x-example": "a0a4f044-b040-410d-8ead-4de0446aec7e"
		     }
		 ],
		 "responses": {
		     "200": {
			 "description": "",
			 "schema": {
			     "$ref": "#/definitions/Getanitemresponse"
			 }
		     }
		 }
	     }
	 },
	 "/catalogue/size": {
	     "get": {
		 "description": "",
		 "operationId": "Get size",
		 "produces": [
		     "application/json;charset=UTF-8"
		 ],
		 "parameters": [],
		 "responses": {
		     "200": {
			 "description": "",
			 "schema": {
			     "$ref": "#/definitions/Getsizeresponse"
			 }
		     }
		 }
	     }
	 },
	 "/tags": {
	     "get": {
		 "description": "",
		 "operationId": "List_",
		 "produces": [
		     "application/json;charset=UTF-8"
		 ],
		 "parameters": [],
		 "responses": {
		     "200": {
			 "description": "",
			 "schema": {
			     "$ref": "#/definitions/Listresponse3"
			 }
		     }
		 }
	     }
	 }
     },
     "definitions": {
	 "Listresponse": {
	     "title": "List response",
	     "type": "object",
	     "properties": {
		 "id": {
		     "type": "string"
		 },
		 "name": {
		     "type": "string"
		 },
		 "description": {
		     "type": "string"
		 },
		 "imageUrl": {
		     "type": "array",
		     "items": {
			 "type": "string"
		     }
		 },
		 "price": {
		     "type": "number",
		     "format": "double"
		 },
		 "count": {
		     "type": "integer",
		     "format": "int32"
		 },
		 "tag": {
		     "type": "array",
		     "items": {
			 "type": "string"
		     }
		 }
	     },
	     "required": [
		 "id",
		 "name",
		 "description",
		 "imageUrl",
		 "price",
		 "count",
		 "tag"
	     ]
	 },
	 "Getanitemresponse": {
	     "title": "Get an item response",
	     "type": "object",
	     "properties": {
		 "id": {
		     "type": "string"
		 },
		 "name": {
		     "type": "string"
		 },
		 "description": {
		     "type": "string"
		 },
		 "imageUrl": {
		     "type": "array",
		     "items": {
			 "type": "string"
		     }
		 },
		 "price": {
		     "type": "number",
		     "format": "double"
		 },
		 "count": {
		     "type": "integer",
		     "format": "int32"
		 },
		 "tag": {
		     "type": "array",
		     "items": {
			 "type": "string"
		     }
		 }
	     },
	     "required": [
		 "id",
		 "name",
		 "description",
		 "imageUrl",
		 "price",
		 "count",
		 "tag"
	     ]
	 },
	 "Getsizeresponse": {
	     "title": "Get size response",
	     "type": "object",
	     "properties": {
		 "size": {
		     "type": "integer",
		     "format": "int32"
		 }
	     },
	     "required": [
		 "size"
	     ]
	 },
	 "Listresponse3": {
	     "title": "List response3",
	     "type": "object",
	     "properties": {
		 "tags": {
		     "type": "array",
		     "items": {
			 "type": "string"
		     }
		 }
	     },
	     "required": [
		 "tags"
	     ]
	 }
     }
}
